id,question_id,value,index,presentation_colour,presentation_percentage
1,1,"sub (or submarine)",1,0,51
2,1,grinder,2,,2
3,1,hoagie,3,1,8
4,1,hero,4,5,3
5,1,"poor boy (or po-boy)",5,6,2
6,1,"Italian or Italian sandwich",6,,2
7,1,baguette,7,,1
8,1,sarney,8,,0
9,1,wedge,9,,0
10,1,"togo or to go",10,,0
11,1,"filled roll",11,,0
12,1,"salad roll",12,,0
13,1,"club sandwich",13,4,3
14,1,"deli or deli sandwich",14,2,6
15,1,"cuban sandwich",15,,0
16,1,bun,16,,0
17,1,roll,17,,1
18,1,"cold sandwich",18,,1
19,1,nudger,19,,0
20,1,"hobo sandwich",20,,0
21,1,"cold cut",21,,2
22,1,"zep or zeppelin",22,,0
24,1,torpedo,23,,0
25,1,gyro,24,,0
26,1,spukie,25,,0
27,1,"I only call it a sandwich",26,3,6
28,1,"I have no word for this",27,,0
29,2,coke,1,2,10
30,2,pop,2,1,17
33,7,"gym shoes",1,2,8
34,7,"I have no general word for these",2,,0
35,7,runners,3,,1
36,7,"running shoes",4,3,8
37,7,"takkies or tackies",5,,0
38,7,shoes,6,4,6
39,7,trainers,7,6,2
40,7,"tennies or tenners",8,5,3
41,7,"tennis shoes or tennishoes",9,0,33
42,7,"trackies or trakkies",10,,0
43,7,plimsolls,11,,0
44,7,"sneakers or sneaks",12,1,29
45,7,"athletic shoes",13,,2
46,7,converse,14,,0
47,7,pumps,15,,0
49,7,"chuckies or chucks",16,,0
50,7,joggers,17,,0
51,7,"cross trainers",18,,0
52,7,gutties,19,,0
53,7,kicks,20,,1
55,2,"aerated waters",3,,0
56,2,bubbly,4,,0
57,2,tonic,5,,0
58,2,cocola,6,,0
59,2,"soft drink",7,3,10
60,2,soda,8,0,41
61,2,"fizzy drink",9,,1
62,2,"cold drink",10,,0
63,2,"fizzy pop",11,,0
64,2,"mineral water",12,,0
65,2,"soda pop",13,5,3
66,2,"cool drink",14,,0
67,2,fanta,15,,0
68,2,softie,16,,0
69,2,"soda water",17,,0
70,2,fizzy,18,,0
71,2,cola,19,,1
72,2,"fountain drink",20,6,2
74,2,fizz,21,,0
75,2,juice,22,,0
76,2,lemonade,23,,0
77,2,ginger,24,,0
78,2,"I just call each kind by its individual name",25,4,5
79,2,"fizzy juice",26,,0
80,2,"sodie pop",27,,0
81,2,pepsi,28,,0
83,2,mineral(s),29,,0
127,13,crawfish,1,0,37
128,13,crayfish,2,1,23
129,13,"crawdad, crawdaddy",3,2,21
130,13,mudbug,4,,1
131,13,yabbie,5,,0
132,13,koura,6,,0
133,13,crowfish,7,,0
134,13,"langostino, langoustine",8,,0
135,13,"I call live ones crayfish, and cooked ones crawdads",9,,0
136,13,"I call live ones crayfish, and cooked ones crawfish",10,,1
137,13,"mini/little/baby lobster",11,,0
138,13,"mud puppy",12,,0
139,13,crab,13,5,1
140,13,"I have no word for this critter",14,3,4
141,13,"crawfish is singular, crayfish is plural",15,,0
142,13,prawn,16,6,1
143,13,"Cooked ones are crawfish; live ones in the water are mud puppies",17,,0
144,13,craydid,18,,0
145,13,lobster,19,4,2
200,20,"you all",1,3,12
201,20,"y'all, ya'll",2,1,15
202,20,"yous, youse, yas, yiz",3,,0
203,20,"you guys",4,0,35
204,20,"you lot",5,,1
205,20,"you 'uns, youns",6,,0
206,20,"yins, yinz, yuns, yunz",7,,0
207,20,you,8,2,12
208,20,"youse guys",9,,0
209,20,"all of you",10,4,8
210,20,"ye, the lot of ye",11,,0
211,20,"all y'all",12,5,4
212,20,"you folks",13,,2
213,20,"you people",14,6,3
214,20,"y'all guys",15,,0
215,20,awlayiz,16,,0
216,21,doodlebug,1,,2
217,21,pillbug,2,1,15
218,21,"roly poly, rollie pollie, rolly polly",3,0,48
219,21,"potato bug",4,2,9
220,21,"sow bug",5,,1
221,21,"slater, slater bug",6,,0
222,21,"wood louse",7,,1
223,21,beetle,8,6,2
224,21,centipede,9,,1
225,21,"I just call them bugs",10,3,4
226,21,"I don't know this creature",11,4,3
227,21,"I know what this creature is, but I have no word for it",12,5,2
228,21,millipede,13,,0
229,21,"water bug",14,,0
230,21,"armadillo bug",15,,0
231,21,"roll-up bug",16,,0
232,21,isopod,17,,0
233,21,"june bug",18,,0
234,21,"rolly bug, roly bug",19,,0
235,21,"grub, grubbie",20,,0
236,21,"basketball bug",21,,0
237,21,"twiddle bug",22,,0
238,21,"tickle bug",23,,0
239,21,"ball bug",24,,0
240,21,"baseball bug",25,,0
241,21,"slug bug",26,,0
242,21,"pill box",27,,0
243,21,"curly bug",28,,0
244,21,"basement bug",29,,0
245,21,"wood bug",30,,0
246,21,"curl up bug",31,,0
247,21,"mud bug",32,,0
248,21,termite,33,,0
249,21,"carpenter, carpenter bug",34,,0
250,21,trilobite,35,,0
251,21,"ant lion",36,,0
252,21,"roller bug",37,,0
253,21,"curler bug",38,,0
327,30,sunshower,1,1,35
328,30,"the devil is beating his wife, the devil is whipping his wife",2,2,6
329,30,"liquid sun(shine)",3,3,1
330,30,"monkey's wedding",4,,0
331,30,"fox's wedding",5,,0
332,30,"the wolf is giving birth",6,,0
333,30,"pineapple rain, pineapple shower, pineapple juice",7,,0
334,30,"sunshiney shower",8,,0
335,30,"devil's shower, devil's rain",9,,0
336,30,"the devil's getting married",10,,0
337,30,"phantom rain",11,,0
338,30,"the devil's chasing his wife",12,,0
339,30,"monkey's birthday",13,,0
340,30,"the monkey is giving birth",14,,0
341,30,"a tailor went to heaven",15,,0
342,30,"the sun is crying",16,,0
343,30,"the devil is having a fight with his wife",17,,0
344,30,"the witches are getting married",18,,0
345,30,"mongoose's wedding",19,,0
346,30,"a liar is paying his debts",20,,0
347,30,"God and the Devil are fighting",21,,0
348,31,"sleep, sleeps, eye sleep",1,1,18
349,31,"boogers, eye boogers, eye boogies",2,0,20
351,30,"I have no special word or phrase for this",22,0,47
352,31,"crusties, eye crusties",3,3,9
353,31,"sleepies, sleepy",4,5,5
354,31,"gunk, eye gunk, sleep gunk, guck, eye guck",5,2,12
355,31,"crust, eye crust",6,4,9
356,31,sand,7,6,4
358,31,sleepers,8,,1
359,31,"sleepy seeds, seepy seeds",9,,0
360,31,crackling,10,,0
361,31,"sleepy bugs",11,,0
362,31,"shit, eye shit",12,,1
363,31,"crunchies, eye crunchies",13,,0
364,31,matter,14,,0
365,31,"sleep(y) sand",15,,0
366,31,"crud, cruds, eye crud",16,,2
367,31,"gook, gookies",17,,1
368,31,"sleep(y) dust",18,,0
369,31,"sleepy eye",19,,0
370,31,"sleepy slivers",20,,0
371,31,"eye crispies",21,,0
372,31,w(h)eepies,22,,0
373,31,"sleep(y) dirt",23,,0
374,31,"eye goo",24,,1
375,31,"eye poop",25,,0
376,31,"goop, goopie, eye goop",26,,1
377,31,"eye cookies",27,,0
378,31,"eye snot",28,,0
379,31,"eye junk",29,,0
380,31,"stuff, sleep(y) stuff",30,,0
381,31,"goobers, eye goobers",31,,0
382,31,"shmutz, eye shmutz",32,,0
383,31,"maka pia pia, makapeapea",33,,0
384,31,"sandman, sandmen",34,,0
385,31,"eye jam",35,,0
386,31,"lagaÃ±as",36,,0
387,31,"winkies, eye winkies, eye winkers",37,,0
388,31,"sleepy winkers, sleeper winkers, sleepy winks",38,,0
389,31,"chicken feet",39,,0
390,31,"eye butter",40,,0
391,31,"sleepy tides",41,,0
392,31,"Mr. Sleep",42,,0
393,31,"cat gunk",43,,0
394,31,"duck poop",44,,0
395,31,"sleep eye",45,,0
764,67,"with the same vowel as in the word ""ah""",1,1,18
765,67,"with the same vowel as in the word ""man""",2,0,60
766,67,"with the same vowel as in the word ""dawn"", which for me is *not* the same sound as in ""don""",3,5,3
767,67,"with the same vowel as in the word ""dawn"", which for me *is* the same sound as in ""don""",4,3,4
768,67,"with the same vowel as in the word ""ain't""",5,4,3
769,67,"with the vowel in ""don"" when referring to the general concept of an aunt, but with the vowel in ""man"" when referring to a specific person by name (e.g. ""Aunt Mary"")",6,2,5
770,67,"with the vowel in ""man"" when referring to the general concept of an aunt, but with the vowel in ""don"" when referring to a specific person by name (e.g. ""Aunt Mary"")",7,6,1
771,68,"garage sale",1,0,42
772,68,"yard sale",2,1,33
773,68,"tag sale",3,4,1
774,68,"rummage sale",4,3,4
775,68,"stoop sale",5,,0
776,68,"sidewalk sale",6,,0
777,68,"thrift sale",7,,0
778,68,"jumble, jumble sale",8,,1
779,68,"patio sale",9,,0
780,68,"carport sale",10,,0
781,68,"car boot sale",11,6,1
782,68,"yard sale and garage sale are interchangeable, but I wouldn't use any of the others",12,2,11
783,68,"estate sale",13,5,1
784,68,"garbage sale",14,,0
785,68,"junk sale",15,,0
786,68,"I have no specific term for this",16,,0
787,68,"lawn sale",17,,0
788,69,"shopping cart",1,0,50
789,69,"grocery cart",2,1,20
790,69,"buggy, shopping buggy",3,3,7
791,69,"carriage, shopping carriage",4,6,1
792,69,"trolley, supermarket trolley, shopping trolley",5,5,3
793,69,"wagon, shopping wagon",6,,0
794,69,"cart (but not shopping cart or grocery cart)",7,2,12
795,69,"basket, grocery basket, shopping basket",8,4,3
796,69,"push cart",9,,0
797,69,bascart,10,,0
798,70,"traffic circle",1,1,24
799,70,roundabout,2,0,50
800,70,rotary,3,3,7
801,70,circle,4,2,7
802,70,square,5,,0
803,70,"traffic circus",6,,0
804,70,"suicide circle",7,,0
805,70,"jug handle",8,,0
806,70,roundy,9,,0
807,70,"suicide loop",10,,0
808,70,rodeo,11,,0
809,70,turnaround,12,,0
810,70,interchange,13,,0
811,70,turnabout,14,,0
812,70,loop,15,5,1
813,70,"circle drive",16,,0
814,70,cloverleaf,17,,0
815,70,"I have no specific term for this",18,4,3
816,71,"Yes, I always pronounce the [r]",1,0,91
817,71,"No, I never pronounce the [r]",2,3,2
818,71,"I pronounce the [r] when the next word begins with a vowel (""the bar is open"") but not when the next word begins with a consonant",3,2,2
819,71,"I'm not sure whether I pronounce the [r] or not in such cases",4,1,3
820,72,"""sawing"" and ""saw it"" - I don't pronounce an [r] in either one",1,0,93
821,72,"I can say ""saw[r]ing"", but I would never pronounce an [r] in ""saw it""",2,3,1
822,72,"I can say ""saw[r] it"", but I would never pronounce an [r] in ""sawing""",3,2,1
823,72,"""saw[r]ing"" and ""saw[r] it"" - I pronounce an [r] in both",4,1,2
825,73,"blah-ish (no [r])",1,0,74
826,73,"blah[r]ish (I pronounce an [r])",2,2,1
827,73,"blah-ish or blah[r]ish (I can pronounce this with or without an [r]--both sound acceptable to me)",3,3,1
828,73,"I would avoid saying this form, so as to avoid having to decide whether to pronounce an [r] or not",4,1,8
829,74,"""shah[r] of"" (I pronounce an [r])",1,1,4
830,74,"""shah of"" (I don't pronounce an [r])",2,0,89
831,74,"""shah of "" or ""shah[r] of"" (I can either pronounce an [r] or not--both sound acceptable to me)",3,3,1
832,74,"I would avoid using this phrasing, so that I wouldn't have to decide whether to pronounce an [r] or not",4,2,3
833,75,"they are identical: both begin with a [w] sound",1,0,79
834,75,"they are different: <witch> begins with a [w] sound, and <which> begins with a sort of [hw] sound",2,2,9
835,75,"I always pronounce <witch> with a [w] sound; I can pronounce <which> with either a [w] or a [hw] sound",3,1,9
836,76,dinner,1,0,58
837,76,supper,2,2,11
838,76,tea,3,6,1
839,76,"either dinner or supper; I don't distinguish the two",4,1,15
840,76,"supper is an evening meal while dinner is eaten earlier",5,5,1
841,76,"supper informally, and dinner in formal situations",6,3,5
842,76,"""dinner"" for the meal Monday through Saturday, ""supper"" for the meal on Sunday",7,,0
843,76,"""supper"" for the meal Monday through Saturday, ""dinner"" for the meal on Sunday",8,,0
844,76,"dinner informally, and supper in formal situations",9,,0
845,76,"dinner is an evening meal while supper is eaten earlier",10,,0
846,76,"dinner is the main meal in the evening; supper is something I eat late at night before I go to bed",11,,0
847,76,"dinner is a big meal; supper is a lighter meal",12,4,1
848,76,"""dinner"" is the midday meal, and the evening meal is ""tea""",13,,0
849,77,"""in line"" or ""in a line""",1,0,88
850,77,"""on line"" or ""on a line""",2,2,4
851,77,"""in a lineup""",3,,0
852,77,"""in a queue""",4,1,5
853,78,couch,1,0,43
854,78,sofa,2,2,18
855,78,chesterfield,3,,0
856,78,davenport,4,6,1
857,78,settee,5,5,1
858,78,divan,6,,0
859,78,"I use ""couch"" and ""sofa"" interchangeably, but none of the others",7,1,24
861,78,"I use both couch and sofa, but a sofa is fancier than a couch",8,3,4
862,78,"I use both couch and sofa, but a couch is bigger than a sofa",9,4,2
863,78,lounge,10,,0
864,79,"liquor store",1,0,74
865,79,"package store (or packie)",2,2,4
866,79,"ABC store",3,1,5
867,79,"party store",4,6,1
868,79,"off-licence or offie",5,4,2
869,79,"state store, state liquor store",6,3,2
870,79,"beer store",7,5,2
871,79,LCBO,8,,1
872,79,"class 6",9,,0
873,79,"bottle shop or bottle-o",10,,1
874,79,SAQ,11,,0
875,79,"beer depot",12,,0
876,79,"liquor commission",13,,0
877,79,LC,14,,0
878,79,"grog shop",15,,0
879,79,muni,16,,0
880,79,"distributor or beverage distributor",17,,0
881,79,dispensary,18,,0
882,79,"spirits shop",19,,0
883,79,off-sale,20,,0
884,79,"dep or dÃƒÂ©panneur",21,,0
885,80,bathroom,1,0,32
886,80,restroom,2,1,31
887,80,"men's room or ladies' room",3,2,14
888,80,toilet,4,3,4
889,80,washroom,5,4,2
890,80,head,6,,1
891,80,john,7,,1
892,80,WC,8,,0
893,80,loo,9,,1
894,80,dunny,10,,0
895,80,shitter,11,,1
896,80,can,12,,0
897,80,"lavatory or lav",13,,1
898,80,"gents' or ladies'",14,,1
899,80,facilities,15,5,1
900,80,bog,16,,0
901,80,pisser,17,,0
902,80,crapper,18,,0
903,80,"little girl's room",19,6,1
904,81,"emergency brake",1,0,48
905,81,"parking brake",2,1,31
906,81,"hand brake",3,3,9
907,81,"e brake",4,2,9
908,82,stick-shift,1,0,35
909,82,stick,2,2,24
910,82,"manual (transmission)",3,1,27
911,82,"standard (transmission)",4,3,8
912,82,five-speed,5,4,2
913,82,"I have no special term for this",6,,0
914,82,"straight drive",7,,0
915,82,"straight stick",8,,0
916,83,"pacifier or passie",1,0,65
917,83,binky,2,1,19
918,83,"nuk, nook, nookie, nuchie, noodgie, noo noo, nunu, noonie",3,2,3
919,83,peacifier,4,,0
920,83,"dummy or dumdum",5,3,3
921,83,"sucker, suckie",6,,0
922,83,soother,7,4,1
923,83,"plug or plugger",8,5,1
924,83,"fooler, fuller",9,,0
925,83,"sucie, suce, su su",10,,0
926,83,choo-choo,11,,0
927,83,chupon,12,,0
928,83,"tut tut",13,,0
929,84,take-out,1,0,53
930,84,carry-out,2,2,12
931,84,take-away,3,3,4
932,84,take-home,4,,0
933,84,to-go,5,1,24
934,84,pick-up,6,4,3
935,84,carry-in,7,,0
936,85,waterbug,1,0,40
937,85,"water strider",2,2,10
938,85,"water spider",3,3,5
939,85,water-skeeter,4,5,3
940,85,"pond skimmer",5,6,2
941,85,"water skimmer",6,4,3
942,85,"water skipper",7,,2
943,85,skimmer,8,,1
944,85,"water beetle",9,,1
945,85,"skeeter or skeeter bug",10,,1
946,85,"water skater",11,,1
947,85,"water boatman",12,,1
948,85,"Jesus bug",13,,1
949,85,strider,14,,0
950,85,"pond skater",15,,1
951,85,"mosquito eater, skeeter eater",16,,1
952,85,"water skier, water skier bug",17,,0
953,85,"skitter bug",18,,0
954,85,"water crawler",19,,0
955,85,"water dog",20,,0
956,85,"water skate",21,,0
957,85,"skimmer bug",22,,0
958,85,"back strider",23,,0
959,85,skidder,24,,0
960,85,"water walker",25,,0
961,85,boatman,26,,0
962,85,"skater, skater bug",27,,0
963,85,whirligig,28,,0
964,85,"skate bug",29,,0
965,85,"penny bug",30,,0
966,85,"pond skipper",31,,0
967,85,"mosquito hawk",32,,0
968,85,water-sprite,33,,0
969,85,"water slider",34,,0
970,85,"tweedle beetle",35,,0
971,85,"I have no word for this critter",36,1,17
972,86,alley,1,0,63
973,86,alleyway,2,1,20
974,86,walkway,3,4,1
975,86,backstreet,4,3,2
976,86,gangway,5,,0
977,86,gap,6,,0
978,86,lane,7,5,1
979,86,cut,8,,0
980,86,laneway,9,,0
981,86,backlane,10,,0
982,86,gulley,11,,0
983,86,ginnel,12,,0
984,86,entry,13,,0
985,86,jitty,14,,0
986,86,jennel,15,,0
987,86,snicket,16,,0
988,86,tenfoot,17,,0
989,86,twitten,18,,0
990,86,vennel,19,,0
991,86,twitchel,20,,0
992,86,mews,21,,0
993,86,airyway,22,,0
994,86,"back alley",23,2,7
995,86,"I have no word for this",24,,0
996,87,"ATM, ATM machine",1,0,78
997,87,"cash machine",2,1,7
998,87,"bank machine",3,2,3
999,87,"MAC machine",4,3,2
1000,87,"TYME machine",5,,0
1001,87,"money machine",6,6,1
1002,87,hole-in-the-wall,7,,1
1003,87,"automatic teller or automated teller",8,5,1
1004,87,cashpoint,9,4,1
1005,87,"cash dispenser",10,,0
1006,87,"automated banking machine or ABM",11,,0
1007,87,"cash station",12,,0
1008,87,cashbox,13,,0
1009,87,"Bancomat or Bankomat",14,,0
1010,87,ChemKey,15,,0
1011,87,guichet,16,,0
1012,87,"teller, teller machine",17,,0
1013,87,autobank,18,,0
1014,88,"pinkie toe",1,0,48
1015,88,"little toe",2,1,21
1016,88,pinkie,3,2,16
1017,88,"baby toe",4,3,8
1018,88,"small toe",5,4,1
1019,88,"piggie, piggie toe, little piggie",6,5,1
1020,88,"I have no special term for this",7,,0
1021,89,"green onion",1,0,46
1022,89,scallion,2,1,25
1023,89,"spring onion",3,3,5
1024,89,shallot,4,5,3
1025,89,leek,5,4,4
1026,89,"stone leek",6,,0
1027,89,"salad onion",7,,0
1028,89,"Chinese onion",8,,0
1029,89,"bunching onion",9,,0
1030,89,"winter onion",10,,0
1031,89,"long onion",11,,0
1032,89,chive,12,2,8
1033,89,"wild onion",13,,1
1034,89,"I have no special term for this",14,6,2
1035,90,"scone (rhymes with bone)",1,0,77
1036,90,"scon (rhymes with gone)",2,1,12
1038,90,"I've never said this word and don't know how to pronounce it",3,2,3
1039,91,"barm or barm cake",1,,0
1040,91,"bread roll",2,2,12
1041,91,bap,3,,0
1042,91,batch,4,,0
1043,91,"bread cake",5,,0
1044,91,roll,6,0,60
1045,91,"tea cake",7,,0
1046,91,"bin lid",8,,
1047,91,blaa,9,,0
1048,91,"bulkie roll",10,,0
1049,91,bun,11,3,6
1050,91,cob,12,,0
1051,91,"dinner roll",13,1,14
1052,91,"flour cake",14,,0
1053,91,"french roll",15,4,1
1054,91,muffin,16,,0
1055,91,stottie,17,,0
1056,92,"with a long ""ah"" sound, as in the word ""farm""",1,1,11
1057,92,"with a short ""a"" sound, as in the word ""mass""",2,0,88
1058,93,alley,1,,77
1059,93,alleyway,2,,15
1060,93,cut,3,4,0
1061,93,cutting,4,,0
1062,93,ginnel,5,3,1
1063,93,jennel,6,,0
1064,93,snicket,7,6,0
1065,93,"ten foot",8,,0
1066,93,snickelway,9,,0
1067,93,twitten,10,,0
1068,93,entry,11,5,0
1069,93,jigger,12,,0
1070,93,jitty,13,0,0
1071,93,gulley,14,,0
1072,93,twichell,15,,0
1073,93,close,16,1,0
1074,93,wynd,17,,0
1075,93,pend,18,,0
1076,93,vennel,19,,0
1077,93,lane,20,2,1
1078,94,chav,1,1,12
1079,94,townie,2,3,4
1080,94,scally,3,4,1
1081,94,ned,4,,0
1082,94,pikey,5,5,1
1083,94,teenager,6,0,38
1084,94,tart,7,,0
1085,94,kev,8,,0
1086,94,charva,9,,0
1087,94,trendy,10,2,5
1088,95,haitch,1,1,11
1089,95,aitch,2,0,87
1090,94,"gary boy",11,,0
1091,96,pants,1,3,7
1092,96,underpants,2,1,13
1093,96,kecks,3,,0
1094,96,kegs,4,,0
1095,96,briefs,5,2,9
1096,96,knickers,6,5,3
1098,96,underwear,7,0,55
1099,96,smalls,8,,0
1100,96,drawers,9,4,3
1101,96,trunks,10,,0
1102,96,slip,11,,0
1103,96,Y-fronts,12,,0
1104,97,"it rhymes with ""gate""",1,0,93
1105,97,"it rhymes with ""get""",2,1,5
1106,98,sneakers,1,1,25
1107,98,trainers,2,0,29
1108,98,runners,3,3,4
1109,98,"tennis shoes",4,2,25
1110,98,"gym shoes",5,4,3
1111,98,"sand shoes",6,,0
1112,98,plimsolls,7,5,1
1113,98,"daps or dappers",8,,0
1114,98,pumps,9,,1
1115,98,slippers,10,,0
1116,98,gutties,11,,0
1117,98,sannies,12,,0
1118,98,"tekkies or takkies",13,,0
1119,98,keds,14,,0
1120,98,kicks,15,6,1
1121,99,"It begins with ""sh"", like shed",1,1,9
1122,99,"It begins with ""sk"", like ""sketch""",2,0,89
1124,100,trousers,1,1,15
1125,100,pants,2,0,72
1126,100,slacks,3,2,7
1127,100,strides,4,,0
1128,100,kegs,5,,0
1129,100,"kecks or kex",6,,0
1130,100,breeches,7,,0
1131,100,britches,8,3,2
1132,100,breeks,9,,0
1133,100,trews,10,,0
1137,102,soda,1,0,44
1138,102,"fizzy drink",2,4,8
1139,102,pop,3,1,20
1140,102,"soft drink",4,3,9
1141,102,juice,5,,0
1142,102,ginger,6,,0
1143,102,mineral(s),7,,0
1144,102,"soda pop",8,5,2
1145,102,lemonade,9,,0
1146,102,coke,10,2,11
1147,102,"cold drink",11,,0
1148,102,"fizzy juice",12,,0
1149,102,jeg,13,,0
1150,102,"cool drink",14,,0
1151,102,"sweet drink",15,,0
1152,103,siksth,1,0,81
1153,103,"sikth (no s sound between the k and the th)",2,1,17
1154,100,grollies,11,,0
1155,100,shreddies,12,,
1156,91,stick,18,,
1157,91,fadgie,19,,0
1158,91,loaf,20,,0
1159,91,butty,21,,0
1160,91,"balm or balm cake",22,,0
1161,104,"chip butty",1,1,15
1162,104,"chip sandwich",2,0,31
1163,104,"chip barm",3,,0
1164,104,"chip cob",4,,0
1165,104,piece-n-chips,5,,0
1166,104,"chip bap",6,,0
1167,104,"hot chip sanga",7,,0
1168,105,"with same vowel as in ""bold""",1,2,3
1169,105,"with the same vowel as in ""ah""",2,1,28
1170,106,"bin man",1,2,11
1171,106,"dust man",2,4,3
1172,106,"dustbin man",3,5,3
1173,106,"refuse collector",4,,0
1174,106,"waste collector",5,3,5
1175,107,"a-gane (with the vowel in ""brain"")",1,1,7
1176,107,"a-gen (with the vowel in ""den"")",2,0,90
1177,108,roundabout,1,0,61
1178,108,island,2,3,2
1179,108,rotary,3,2,6
1180,108,"traffic circle",4,1,28
1181,108,"traffic circus",5,,0
1182,109,"the same as the vowel in ""beat""",1,0,92
1183,109,"the same as the vowel in ""bit""",2,1,3
1184,109,"the same as the vowel in ""bet""",3,2,2
1185,110,"clothes horse",1,2,9
1186,110,maiden,2,,0
1187,110,"clothes rack",3,1,38
1188,110,"drying horse",4,,0
1189,110,winterdyke,5,,0
1190,110,"clothes maiden",6,,0
1191,110,"drying rack",7,0,45
1192,110,airer,8,3,2
1193,111,"with the consonant sound in ""judge""",1,1,16
1194,111,"with the consonant sound in ""church""",2,0,77
1195,112,soccer,1,0,80
1196,112,football,2,1,18
1197,113,"with the vowel [É‘] (""ah"", or in popular spelling ""cinemar"")",1,1,33
1198,113,"with the vowel [É™] (""uh"", or in popular spelling ""cinemer""))",2,0,64
1199,114,barley,1,4,1
1200,114,"fainites or feign knights",2,,0
1201,114,crosses,3,,0
1202,114,kings,4,,0
1203,114,pegs,5,,0
1204,114,nibs,6,,0
1205,114,"kings cross or kings ex",7,,0
1206,114,pax,8,3,2
1207,114,keys,9,,0
1208,114,"skinch, skinge",10,,0
1209,114,cree,11,,0
1210,114,scribs,12,,0
1211,114,barley-bay,13,,
1212,114,barley-bees,14,,
1213,114,barlow,15,,0
1214,114,barrels,16,,0
1215,114,screams,17,,0
1216,114,fains,18,,0
1217,114,vains,19,,0
1218,114,vainites,20,,0
1219,114,fennits,21,,
1220,114,vannies,22,,0
1221,114,fainsies,23,,0
1222,114,faylines,24,,0
1223,114,vainlights,25,,0
1224,114,vainyards,26,,
1225,114,queens,27,,0
1226,114,cruces,28,,0
1227,114,creases,29,,0
1228,114,scruces,30,,
1229,114,screwsies,31,,
1230,114,screws,32,,0
1231,114,exes,33,,0
1232,114,"bar, bars",34,,0
1233,114,squibs,35,,0
1234,114,finns,36,,0
1235,114,bees,37,,0
1236,114,blobs,38,,0
1237,114,croggies,39,,0
1238,114,denny,40,,0
1239,114,keppies,41,,0
1240,114,locks,42,,0
1241,114,peas,43,,0
1242,114,peril,44,,0
1243,114,nix,45,,0
1244,114,truce,46,0,33
1245,114,snakes,47,,0
1246,114,twigs,48,,0
1247,114,jecs,49,,0
1248,114,"cross keys",50,,0
1249,114,pips,51,,0
1250,114,"force field",52,,0
1251,114,quits,53,2,7
1252,115,woodlouse,1,0,36
1253,115,"cheese log",2,,0
1254,115,"cheesy bob",3,,0
1255,114,cribs,54,,0
1256,115,"granny grunter",4,,0
1257,115,"sow pig",5,,0
1258,115,"cheesy bug",6,,0
1259,115,"cheesy hog",7,,0
1260,115,chiggywig,8,,0
1261,115,"parsons pig",9,,0
1262,115,"chuggy pig",10,,0
1263,115,"chiggy pig",11,,0
1264,115,"daddy gramfer",12,,0
1265,115,"daddy gampfer",13,,0
1267,115,aquinas,15,,0
1268,115,"granny grey",16,,0
1269,115,grub,17,1,4
1270,115,"hardy back",18,,0
1271,115,schmerbecker,19,,0
1272,115,"pecker bug",20,,0
1273,115,pooky,21,,0
1274,115,slater,22,2,1
1275,115,"wood bug",23,3,1
1276,115,"wood pig",24,,0
1277,115,pig,25,,0
1278,115,diggle,26,,
1279,115,grammersow,27,,0
1280,115,"chucky pig",28,,0
1281,115,chillywig,29,,0
1282,115,"billy button",30,,
1283,115,"bibble bug",31,,0
1284,115,"curd worm",32,,0
1285,115,"toggy hog",33,,0
1286,115,leatherjacket,34,,0
1287,115,"gramfy grooger",35,,
1288,115,peaball,36,,0
1289,115,monkeypea,37,,0
1290,115,"coffin cutter",38,,0
1291,115,"eerie bug",39,,0
1292,115,"chuggy peg",40,,0
1293,115,menace,41,,0
1294,115,"tiggy hog",42,,0
1295,115,shoelace,43,,0
1296,115,"sink louse",44,,
1297,115,"slater beetle",45,,0
1298,115,"pea bug",46,,0
1299,115,"wiggy wogger",47,,0
1300,115,"wug louse",48,,0
1301,115,mousewood,49,,
1302,115,gluggie,50,,0
1303,115,"cheese mouse",51,,
1304,115,pigeen,52,,
1305,115,"chicky pig",53,,0
1307,115,moldywarp,54,,0
1308,115,"penny pig",55,,0
1309,115,"cud worm",56,,0
1310,115,tank,57,,0
1311,115,"curly bob",58,,0
1312,115,"curly baker",59,,0
1313,115,cheeselip,60,,0
1314,105,"with the same vowel as ""fall"", but different than the vowels in ""bold"" and ""ah""",3,0,66
1317,116,"It rhymes with ""put""",1,1,14
1318,116,"It doesn't rhyme with ""put""",2,0,83
2030,240,pop,1,0,39
2031,240,soda,2,1,37
2032,240,coke,3,2,18
2033,240,"soft drink",4,3,1
2034,240,tonic,5,,0
2035,240,"soda pop",6,,0
2036,240,drink,7,,0
2037,240,Pepsi,8,,0
2038,240,"cold drink",9,,0
2039,240,cola,10,,0
2040,240,"brand name",11,,0
2041,240,"soda water",12,,0
2042,240,sodie,13,,0
2043,240,"Other responses",14,,0
2044,241,"[É‘] as in ""ah""",1,1,9
2045,241,"[Ã¦] as in ""ant""",2,0,76
2046,241,"[É’] as in ""caught""",3,4,2
2047,241,"I have the same vowel in ""ah"", ""caught"", and ""aunt""",4,3,2
2048,241,"I pronounce it the same as ""ain't""",5,,0
2049,241,"I use [É‘/É’] when referring to the general concept of an aunt, but [Ã¦] when referring to a specific person by name.",6,2,5
2050,241,"I use [Ã¦] when referring to the general concept of an aunt, but [É‘/É’] when referring to a specific person by name.",7,5,1
2051,241,other,8,,0
2052,242,"[Éª] as in ""sit""",1,0,62
2053,242,"[i:] as in ""see""",2,2,3
2054,242,"[É›] as in ""set""",3,1,30
2055,242,other,4,3,3
2056,243,"[o:] as in ""Bo""",1,0,70
2057,243,"[u:] as in ""boo""",2,1,20
2058,243,"I have seen this word in print, but have no idea how to pronounce it",3,2,4
2059,243,"I have never seen or heard this word",4,3,3
2060,243,other,5,,0
2061,244,"with 2 syllables (""car-ml"")",1,0,41
2062,244,"with 3 syllables (""carra-mel"")",2,1,33
2063,244,"I use both interchangeably",3,2,18
2064,244,"I have both forms, but the two have different meanings (please state how in the comments box)",4,3,3
2065,244,other,5,4,2
2066,245,"[i:] as in ""see""",1,1,26
2067,245,"[Éª] as in ""sit""",2,0,67
2068,245,other,3,2,5
2069,246,"[É‘] as in ""car"" (""sen-tar"")",1,0,49
2070,246,"[É’] as in ""caught""",2,2,12
2071,246,"I use the same vowel in ""car"", ""caught"", and ""centaur""",3,3,10
2072,246,"rhymes with ""sore"" and ""more"" (""sen-tore"")",4,1,23
2073,246,other,5,4,2
2074,247,"with [u:] as in ""coop"" (""coopon"")",1,0,61
2075,247,"with [ju:] as in ""cute"" (""cyoopon"")",2,1,36
2076,247,other,3,2,1
2077,248,"[É›] as in ""set""",1,1,26
2078,248,"[e:] as in ""say""",2,0,42
2079,248,"I say something in between the vowels in ""set"" and ""say"", but closer to the one in ""say""",3,2,15
2080,248,"I say something in between the vowels in ""set"" and ""say"", but closer to the one in ""set""",4,3,14
2081,248,other,5,4,1
2082,249,"[Ã¦] as in ""man"" (1 syllable, ""cran"")",1,2,13
2083,249,"[ejÉ‘] (2 syllables, ""cray-ahn"")",2,0,45
2084,249,"[ejÉ’] (2 syllables, ""cray-awn"", where the second syllable rhymes with ""dawn"")",3,1,37
2085,249,"[aw] (I pronounce this the same as ""crown"")",4,3,2
2086,249,other,5,4,1
2087,250,"[i:] as in ""see""",1,0,86
2088,250,"[Éª] as in ""sit""",2,2,4
2089,250,"I use both interchangeably",3,1,6
2090,250,"I don't know how to pronounce this word",4,,0
2091,250,"I use both, but they mean two different things (please state how they differ in the comments box)",5,3,2
2092,250,other,6,,0
2093,251,"[o:] as in ""flow"" (""flow-ri-da"")",1,3,5
2094,251,"[É‘] as in ""ah"" (""flah-ri-da"")",2,1,9
2095,251,"[É’] as in ""saw"" (""flaw-ri-da"")",3,2,6
2096,251,"[É”] as in ""sore"" (""flore-i-da"")",4,0,76
2097,251,other,5,4,2
2098,252,"[É™] as in ""bird"" (""flurr-ish"")",1,0,63
2099,252,"[É”] as in ""sore"" (""flore-ish"")",2,1,24
2100,252,"[ÊŒ] as in ""sun"" (""fluh-rish"")",3,2,8
2101,252,"other (including if you use one pronunciation for the verb and a different pronunciation for the noun)",4,3,4
2102,253,"[i:] as in ""see""",1,1,21
2103,253,"[Éª] as in ""sit""",2,0,77
2104,253,other,3,2,1
2105,254,"with [É”j] as in ""boy"" (""loyer"")",1,0,71
2106,254,"with [É’] as in ""saw"" (""law-yer"")",2,1,22
2107,254,"I use both interchangeably",3,2,5
2108,254,other,4,,0
2109,255,"all 3 are the same",1,0,60
2110,255,"all 3 are different",2,2,13
2111,255,"Mary and merry are the same; marry is different",3,3,9
2112,255,"merry and marry are the same; Mary is different",4,,0
2113,255,"Mary and marry are the same; merry is different",5,1,15
2114,256,"with [Ã¦] as in ""man"" (2 syllables--""man-aze"")",1,1,41
2115,256,"with [ejÉ™] (3 syllables--""may-uh-naze"")",2,0,47
2116,256,"I use both interchangeably",3,2,8
2117,256,other,4,3,3
2118,257,"[i:] as in ""near""",1,0,59
2119,257,"[Éª] as in ""knit""",2,1,29
2120,257,"[É›] as in ""net""",3,4,1
2121,257,"I say something in between [Éª] and [É›]",4,2,7
2122,257,other,5,3,2
2123,258,"mischievous (3 syllables)",1,0,42
2124,258,"mischievious (4 syllables)",2,1,30
2125,258,"I write ""mischievous"" but say ""mischievious""",3,3,6
2126,258,"I use both",4,2,20
2127,258,other,5,,0
2128,259,"[e:] as in ""say""",1,0,86
2129,259,"[i:] as in ""see""",2,2,4
2130,259,"I use [e:] with the words in isolation, but [i:] in compounds (such as ""Sunday school"")",3,1,5
2131,259,"other (e.g. do you use one vowel in some day names, and another in the other names?)",4,3,2
2132,260,"[Ã¦] as in ""jam""",1,1,48
2133,260,"[É‘] as in ""father""",2,0,49
2134,260,other,3,2,1
2135,261,"[pi:kÃ¦n] with stress on the first syllable (""PEE-can"")",1,2,14
2136,261,"[pi:kÃ¦n] with stress on the second syllable (""pee-CAN"")",2,4,7
2137,261,"[pi:kÉ‘n] with stress on the first syllable (""PEE-Kahn"")",3,3,13
2138,261,"[pi:kÉ‘n] with stress on the second syllable (""pee-KAHN"")",4,0,31
2139,261,"[pÉªkÃ¦n] (""pick Ann"")",5,,1
2140,261,"[pÉªkÉ‘n] (""pick Ahn"")",6,1,21
2141,261,"I pronounce it differently when it's alone than when it's in a compound like ""pecan pie"" (please state how you pronounce the two variants in the comments box)",7,5,5
2142,261,other,8,6,3
2143,262,"one syllable",1,1,33
2144,262,"two syllables",2,0,66
2145,263,"[i:] as in ""see"" (""reely"")",1,0,50
2146,263,"[Éª] as in ""sit"" (""rilly"")",2,1,27
2147,263,"[iÉ™] (""ree-l-y"")",3,3,9
2148,263,"other (including if you use two or more of these interchangeably)",4,2,11
2149,264,"2 syllables (""reel-ter"")",1,0,41
2150,264,"3 syllables (real[É™]tor, in other words ""reel-uh-ter"")",2,1,34
2151,264,"3 syllables (ree-l-ter)",3,2,20
2152,264,"I don't use this word; I use ""estate agent""",4,,0
2153,264,other,5,3,2
2154,265,"[u:] as in ""food""",1,0,72
2155,265,"[ÊŠ] as in ""foot""",2,2,5
2156,265,"these four words do not all have the same vowel (please use the comments box to let us know which is which)",3,1,22
2157,266,"rhymes with ""hoot""",1,1,28
2158,266,"rhymes with ""out""",2,2,22
2159,266,"I can pronounce it either way interchangeably",3,0,29
2160,266,"I say it like ""hoot"" for the noun and like ""out"" for the verb.",4,3,14
2161,266,"I say it like ""out"" for the noun and like ""hoot"" for the verb.",5,4,2
2162,266,other,6,5,1
2163,267,"[i] ""sear-up""",1,1,27
2164,267,"[Éª] ""sih-rup""",2,2,19
2165,267,"[É™] as in ""sir""",3,0,51
2166,267,other,4,3,1
2167,268,different,1,0,58
2168,268,same,2,1,41
2169,269,"all-mond (first syllable sounds like ""all"")",1,0,64
2170,269,"ah-mond (no l)",2,1,16
2171,269,"aw-mond (if different from ""ah-mond"")",3,3,5
2172,269,"I say something in between l and nothing",4,2,11
2173,269,other,5,4,2
2174,270,"[s] as in ""sock""",1,0,93
2175,270,"[Êƒ] as in ""shock""",2,1,6
2176,271,asteri[ks],1,2,7
2177,271,asteri[sk],2,0,58
2178,271,"asteri[k] (with no s in the final cluster)",3,1,32
2179,271,other,4,3,1
2180,272,"I pronounce the first d",1,0,47
2181,272,"I don't pronounce the first d",2,1,27
2182,272,"I vary freely between pronouncing the first d and not doing so",3,3,6
2183,272,"I only pronounce the first d when I'm speaking slowly/carefully",4,2,17
2184,272,"Depends whether it refers to a political or generic candidate, as in ""that assignment looks like a good candidate for elimination"" (please state how the two pronunciations differ)",5,,0
2185,272,other,6,,0
2186,273,[s],1,1,33
2187,273,[z],2,0,47
2188,273,"both are acceptable to me",3,2,18
2189,273,other,4,,0
2190,274,"pronounced e[ts]etera (4 syllables)",1,0,61
2191,274,"pronounced e[ts]etra (3 syllables)",2,2,11
2192,274,"pronounced eksetera (4 syllables)",3,1,17
2193,274,"pronounced eksetra (3 syllables)",4,3,6
2194,274,other,5,4,2
2195,275,"[Ê’] as in the middle consonant of ""measure""",1,0,48
2196,275,"[Ê¤] as in ""edge""",2,1,40
2197,275,"I use both interchangeably",3,2,10
2198,275,other,4,3,1
2199,276,"[s] as in ""sock""",1,0,49
2200,276,"[Êƒ] as in ""shock""",2,1,48
2201,276,other,3,2,1
2202,277,"I pronounce the h",1,0,95
2203,277,"I don't pronounce the h",2,1,2
2204,277,"I can pronounce the h or not",3,2,2
2205,277,other,4,,0
2206,278,"[s] as in ""sock""",1,0,88
2207,278,"[Êƒ] as in ""shock""",2,1,10
2208,278,other,3,2,1
2209,279,[s],1,0,70
2210,279,[z],2,1,29
2211,280,"with [kw]",1,0,62
2212,280,"with [k] (""cor-ter"")",2,1,30
2213,280,"I use both interchangeably",3,2,6
2214,280,other,4,,0
2215,281,spicket,1,2,14
2216,281,spigot,2,0,53
2217,281,"I use both interchangeably",3,4,3
2218,281,"I say ""spicket"" but spell it ""spigot""",4,3,11
2219,281,"I use both with different meanings (please explain how in the comments box)",5,5,1
2220,281,"I don't use either version of this word",6,1,16
2221,281,other,7,,0
2222,282,"the ""g"" is pronounced as [Ê’]",1,1,35
2223,282,"the ""g"" is pronounced as [k]",2,0,43
2224,282,"the ""g"" is silent",3,2,20
2225,283,[s],1,0,90
2226,283,[z],2,1,5
2227,283,"either one",3,2,3
2228,283,other,4,,0
2229,284,"CREAM cheese (stress on the first syllable)",1,0,52
2230,284,"cream CHEESE (stress on the second syllable)",2,1,24
2231,284,"it sounds right either way",3,2,19
2232,284,other,4,3,3
2233,285,"INsurance (stress on the first syllable)",1,1,12
2234,285,"inSURance (stress on the second syllable)",2,0,75
2235,285,"I can stress either the first or the second syllable",3,2,11
2236,285,other,4,,0
2237,286,"NEW Haven",1,0,44
2238,286,"New HAVEN",2,1,42
2239,286,"I use both interchangeably",3,2,10
2240,286,other,4,3,2
2241,287,THANKSgiving,1,1,28
2242,287,ThanksGIVing,2,0,63
2243,287,"I use both interchangeably",3,2,7
2244,287,other,4,,0
2245,288,UMbrella,1,1,21
2246,288,umBRELLa,2,0,78
2247,289,dragged,1,0,73
2248,289,drug,2,1,19
2249,289,"I use both interchangeably",3,2,6
2250,289,other,4,,0
2251,290,"you all",1,3,12
2252,290,"yous, youse",2,,0
2253,290,"you lot",3,,0
2254,290,"you guys",4,0,41
2255,290,"you 'uns",5,,0
2256,290,yins,6,,0
2257,290,you,7,1,23
2258,290,other,8,4,3
2259,290,"y'all",9,2,17
2260,291,yes,1,1,30
2261,291,no,2,0,67
2262,291,other,3,2,2
2263,292,yes,1,1,33
2264,292,no,2,0,38
2265,292,"I can use ""where are you at"" in contexts such as asking someone how s/he is coming along on a project, but not in the general sense of ""where are you physically located in the world at this moment"".",3,2,28
2266,293,"yes (please consider adding which combinations of modals you use in the comments box)",1,1,11
2267,293,no,2,0,87
2268,293,other,3,,0
2269,294,"this use of ""anymore"" is acceptable",1,1,6
2270,294,"this use of ""anymore"" is unacceptable",2,0,91
2271,294,"not sure",3,2,2
2272,295,acceptable,1,1,7
2273,295,unacceptable,2,0,88
2274,295,"not sure",3,2,4
2275,296,acceptable,1,1,35
2276,296,unacceptable,2,0,60
2277,296,"not sure",3,2,3
2278,297,acceptable,1,1,23
2279,297,unacceptable,2,0,68
2280,297,"not sure",3,2,7
2281,298,"tag sale",1,4,2
2282,298,"yard sale",2,1,35
2283,298,"garage sale",3,0,53
2284,298,"rummage sale",4,2,4
2285,298,"thrift sale",5,,0
2286,298,"stoop sale",6,,0
2287,298,"carport sale",7,,0
2288,298,"sidewalk sale",8,,0
2289,298,"jumble (sale)",9,,0
2290,298,"car boot sale",10,,0
2291,298,"car boot",11,,0
2292,298,"patio sale",12,,0
2293,298,other,13,3,3
2294,299,mumblety-peg,1,4,6
2295,299,mumbledy-peg,2,3,8
2296,299,"mumbly peg",3,1,11
2297,299,"mumbly pegs",4,,0
2298,299,"mumblely peg (with 2 l's)",5,,2
2299,299,"mumble peg",6,,0
2300,299,mummety-peg,7,,0
2301,299,mumble-the-peg,8,,0
2302,299,"fumbledy peg",9,,0
2303,299,"numblety peg",10,,0
2304,299,peggy,11,,0
2305,299,"baseball jackknife",12,,0
2306,299,stick-knife,13,,1
2307,299,stick-frog,14,,0
2308,299,stretch,15,,1
2309,299,chicken,16,5,3
2310,299,knifey,17,,0
2311,299,splits,18,,0
2312,299,"Russian roulette",19,6,2
2313,299,"I have never heard of this ""game"" and have no idea what it's called",20,0,51
2314,299,"other (state here if you have heard one or more of these terms but never knew what they meant)",21,2,9
2315,300,berm,1,3,4
2316,300,parking,2,4,2
2317,300,"tree lawn",3,5,2
2318,300,terrace,4,,0
2319,300,"curb strip",5,2,9
2320,300,beltway,6,,0
2321,300,verge,7,6,2
2322,300,"I have no word for this",8,0,64
2323,300,other,9,1,13
2324,301,boulevard,1,3,10
2325,301,midway,2,5,1
2326,301,"traffic island",3,4,7
2327,301,island,4,0,43
2328,301,"neutral ground",5,,0
2329,301,"I have no word for this",6,2,17
2330,301,other,7,1,20
2331,302,"median strip",1,1,12
2332,302,median,2,0,80
2333,302,boulevard,3,,0
2334,302,mall,4,,0
2335,302,"traffic island",5,,0
2336,302,"neutral ground",6,,0
2337,302,island,7,3,1
2338,302,"park strip",8,,0
2339,302,"I have no word for this",9,2,2
2340,302,other,10,4,1
2341,303,milkshake/shake,1,0,96
2342,303,frappe,2,1,1
2343,303,cabinet,3,,0
2344,303,velvet,4,,0
2345,303,"thick shake",5,,0
2346,303,other,6,,0
2347,304,sub,1,0,78
2348,304,grinder,2,4,2
2349,304,hoagie,3,1,6
2350,304,hero,4,2,4
2351,304,"poor boy",5,5,2
2352,304,bomber,6,,0
2353,304,"Italian sandwich",7,,0
2354,304,baguette,8,,0
2355,304,sarney,9,,0
2356,304,"I have no word for this",10,6,1
2357,304,other,11,3,3
2358,305,"lightning bug",1,1,34
2359,305,firefly,2,2,26
2360,305,"I use lightning bug and firefly interchangeably",3,0,38
2361,305,"peenie wallie",4,,0
2362,305,"I have no word for this",5,,0
2363,305,other,6,,0
2364,306,crawfish,1,0,39
2365,306,crayfish,2,1,27
2366,306,craw,3,,0
2367,306,crowfish,4,,0
2368,306,crawdad,5,2,23
2369,306,mudbug,6,,0
2370,306,"I have no word for this critter",7,3,4
2371,306,other,8,4,4
2372,307,"daddy long leg(s)",1,0,93
2373,307,"daddy big legs",2,2,1
2374,307,"daddy (bug)",3,,0
2375,307,"father longlegs",4,,0
2376,307,granddaddy,5,,0
2377,307,"daddy graybeard",6,,0
2378,307,"daddy spider",7,,0
2379,307,harvestman,8,,0
2380,307,"moskeet spider",9,,0
2381,307,pointer,10,,0
2382,307,"shepherd spider",11,,0
2383,307,other,12,1,4
2384,308,grandmother,1,3,5
2385,308,granny,2,4,3
2386,308,grandma,3,0,50
2387,308,nana,4,2,5
2388,308,mimi,5,,0
2389,308,grammy/grammie/grammi,6,5,2
2390,308,other,7,1,31
2391,309,grandmother,1,3,6
2392,309,granny,2,5,3
2393,309,grandma,3,0,47
2394,309,gramma,4,2,14
2395,309,nana,5,4,3
2396,309,other,6,1,23
2397,310,gramps,1,5,1
2398,310,grandpa,2,2,22
2399,310,grampa,3,3,14
2400,310,"grandad, granddad",4,4,5
2401,310,pap,5,,0
2402,310,"I spell it ""grandpa"" but pronounce it as ""grampa""",6,1,26
2403,310,"other (including if you use a different term to address him directly than you do when speaking about him to a third party)",7,0,30
2404,311,gramps,1,,0
2405,311,grandpa,2,1,33
2406,311,grampa,3,2,29
2407,311,pap,4,,0
2408,311,other,5,0,35
2409,312,"dust bunnies",1,0,71
2410,312,"dust kittens",2,,0
2411,312,"dust mice",3,,0
2412,312,kitties,4,,0
2413,312,"dust balls",5,1,21
2414,312,other,6,2,4
2415,313,sneakers,1,1,38
2416,313,shoes,2,4,2
2417,313,gymshoes,3,2,5
2418,313,"sand shoes",4,,0
2419,313,jumpers,5,,0
2420,313,"tennis shoes",6,0,48
2421,313,"running shoes",7,5,1
2422,313,runners,8,,0
2423,313,trainers,9,,0
2424,313,"I have no general word for this",10,,0
2425,313,other,11,3,3
2426,314,"pill bug",1,1,14
2427,314,"doodle bug",2,5,5
2428,314,"potato bug",3,2,12
2429,314,"roly poly",4,0,34
2430,314,"sow bug",5,6,4
2431,314,"basketball bug",6,,0
2432,314,"twiddle bug",7,,0
2433,314,"roll-up bug",8,,0
2434,314,"wood louse",9,,0
2435,314,millipede,10,,1
2436,314,centipede,11,,3
2437,314,"I know what this creature is, but have no word for it",12,4,8
2438,314,"I have no idea what this creature is",13,3,11
2439,314,other,14,,3
2440,315,"shopping cart",1,0,73
2441,315,"shopping wagon",2,,0
2442,315,"grocery cart",3,1,16
2443,315,"shopping carriage",4,,0
2444,315,carriage,5,,0
2445,315,buggy,6,2,4
2446,315,"supermarket trolley",7,,0
2447,315,other,8,3,3
2448,316,kitty-corner,1,0,47
2449,316,kitacorner,2,,0
2450,316,catercorner,3,5,1
2451,316,catty-corner,4,1,33
2452,316,"kitty cross",5,,0
2453,316,"kitty wampus",6,,0
2454,316,"I can only use ""diagonal"" for this",7,2,11
2455,316,"I have no term for this",8,3,3
2456,316,other,9,4,2
2457,317,"doing donuts",1,0,81
2458,317,"doing cookies",2,2,1
2459,317,"whipping shitties",3,3,1
2460,317,other,4,1,14
2461,318,"scratch paper",1,1,32
2462,318,"scrap paper",2,2,28
2463,318,"scratch paper is still usable (for example, the paper you bring to do extra work on a test); scrap paper is paper that isn't needed anymore and can be thrown away.",3,0,36
2464,318,other,4,3,2
2465,319,highway,1,0,58
2466,319,freeway,2,2,12
2467,319,parkway,3,,0
2468,319,turnpike,4,,0
2469,319,expressway,5,5,4
2470,319,throughway/thru-way,6,,0
2471,319,"a freeway is bigger than a highway",7,3,5
2472,319,"a freeway is free (i.e., doesn't charge tolls); a highway isn't",8,,0
2473,319,"a freeway has limited access (no stop lights, no intersections), whereas a highway can have stop lights and intersections",9,1,13
2474,319,other,10,4,4
2475,320,sunshower,1,1,30
2476,320,"the wolf is giving birth",2,,0
2477,320,"the devil is beating his wife",3,2,6
2478,320,"monkey's wedding",4,,0
2479,320,"fox's wedding",5,,0
2480,320,"pineapple rain",6,,0
2481,320,"liquid sun",7,4,1
2482,320,"I have no term or expression for this",8,0,58
2483,320,other,9,3,3
2484,321,"goose bumps",1,0,89
2485,321,"goose flesh",2,,0
2486,321,"goose pimples",3,1,6
2487,321,"chill bumps",4,2,1
2488,321,"chill bugs",5,,0
2489,321,"chilly bumps",6,,0
2490,321,"cold-chill bumps",7,,0
2491,321,other,8,,0
2492,322,crackling,1,,0
2493,322,sleep,2,0,40
2494,322,sleeper,3,,4
2495,322,sleepy,4,,1
2496,322,sleepies,5,6,5
2497,322,"sleepy seed",6,,1
2498,322,"sleepy bugs",7,,0
2499,322,"eye booger",8,1,9
2500,322,"eye shit",9,,0
2501,322,"eye crunchie",10,,0
2502,322,"eye crusties",11,,3
2503,322,sand,12,4,7
2504,322,kitty,13,,0
2505,322,gunk,14,5,6
2506,322,matter,15,,2
2507,322,"I have no word for this",16,3,7
2508,322,other,17,2,8
2509,323,gut,1,2,10
2510,323,"crypt course",2,,0
2511,323,"crip course",3,3,4
2512,323,bird,4,4,1
2513,323,blow-off,5,1,38
2514,323,meat,6,,0
2515,323,other,7,0,43
2516,324,rotary,1,3,10
2517,324,roundabout,2,1,27
2518,324,circle,3,4,9
2519,324,"traffic circle",4,0,35
2520,324,"traffic circus",5,,0
2521,324,"I have no word for this",6,2,14
2522,324,other,7,5,2
2523,325,"(hair) elastic",1,4,10
2524,325,"rubber band",2,0,34
2525,325,horsetail,3,,0
2526,325,"hair thing",4,3,13
2527,325,"hair tie",5,1,20
2528,325,other,6,2,20
2529,326,yes,1,2,28
2530,326,"no, but I know what it means",2,0,40
2531,326,"I have no idea what this means",3,1,30
2532,327,yes,1,0,58
2533,327,"no, but I know what it means",2,1,32
2534,327,"I have no idea what this means",3,2,9
2535,328,duck-footed,1,1,28
2536,328,slue-footed,2,5,3
2537,328,splay-footed,3,3,4
2538,328,bow-legged,4,2,26
2539,328,"toed out",5,4,3
2540,328,other,6,6,2
2541,328,"I have no word for this",7,0,30
2542,329,yes,1,0,43
2543,329,"yes, but I can also use it in other forms such as apple slaw or broccoli slaw",2,2,9
2544,329,no,3,1,42
2545,329,"I have never heard that usage before",4,3,4
2546,329,other,5,,0
2547,330,coffin,1,0,61
2548,330,casket,2,1,19
2549,330,"a coffin and a casket are not the same, and I know the difference",3,2,12
2550,330,other,4,3,6
2551,331,"vinegar and oil",1,2,12
2552,331,"oil and vinegar",2,0,73
2553,331,"both sound equally good to me",3,1,12
2554,331,neither,4,3,1
2555,331,other,5,,0
2556,332,"Chinese lane change",1,2,4
2557,332,"Chinese fire drill",2,1,9
2558,332,other,3,0,85
2559,333,"on line",1,2,3
2560,333,"in line",2,0,91
2561,333,"both sound equally good",3,1,3
2562,333,neither,4,,0
2563,333,other,5,,0
2564,334,frosting,1,0,33
2565,334,icing,2,2,18
2566,334,"icing is thinner than frosting, white, and/or made of powdered sugar and milk or lemon juice",3,3,18
2567,334,both,4,1,27
2568,334,neither,5,,0
2569,334,other,6,,0
2570,335,"New York City",1,0,44
2571,335,Boston,2,3,2
2572,335,DC,3,4,1
2573,335,LA,4,5,1
2574,335,Chicago,5,2,6
2575,335,other,6,1,43
2576,336,"supper is an evening meal while dinner is eaten earlier (lunch, for example)",1,3,9
2577,336,"supper is an evening meal, dinner is the main meal",2,4,7
2578,336,"dinner takes place in a more formal setting than supper",3,2,13
2579,336,"there is no distinction; they both have the same meaning",4,0,33
2580,336,"I do not use the term supper",5,1,31
2581,336,"I don't use the term dinner",6,,0
2582,336,other,7,5,4
2583,337,"trash can",1,0,37
2584,337,"garbage can",2,2,28
2585,337,"rubbish bin",3,,0
2586,337,"waste(paper) basket",4,4,1
2587,337,"These words refer to different things",5,1,30
2588,337,other,6,3,2
2589,338,"By accident",1,0,73
2590,338,"On accident",2,2,10
2591,338,both,3,1,12
2592,338,neither,4,3,2
2593,338,other,5,4,1
2594,339,"frontage road",1,0,31
2595,339,"service road",2,1,26
2596,339,"access road",3,2,18
2597,339,"feeder road",4,6,3
2598,339,gateway,5,,0
2599,339,"we have them but I have no word for them",6,3,11
2600,339,"I've never heard of this concept",7,4,4
2601,339,other,8,5,3
2602,340,"cut the grass",1,1,20
2603,340,"cut the lawn",2,,0
2604,340,"mow the grass",3,3,7
2605,340,"mow the lawn",4,0,63
2606,340,other,5,2,8
2607,341,"pass in",1,3,3
2608,341,"hand in",2,0,74
2609,341,both,3,1,13
2610,341,neither,4,,0
2611,341,other,5,2,7
2612,342,waterbug,1,0,45
2613,342,"Jesus bug",2,,0
2614,342,waterstrider,3,2,11
2615,342,strider,4,,0
2616,342,water-spider,5,3,8
2617,342,watercrawler,6,,0
2618,342,"water beetle",7,6,2
2619,342,backstrider,8,,0
2620,342,skimmer,9,4,4
2621,342,"I have no word for this",10,1,22
2622,342,other,11,5,3
2623,343,bubbler,1,2,3
2624,343,"water bubbler",2,,0
2625,343,"drinking fountain",3,1,33
2626,343,"water fountain",4,0,60
2627,343,other,5,3,1
2628,344,"the subway",1,0,81
2629,344,"the L, or the El",2,3,3
2630,344,"the T",3,4,2
2631,344,"the metro",4,2,4
2632,344,BART,5,5,1
2633,344,other,6,1,6
2634,345,soda,1,0,47
2635,345,pop,2,1,28
2636,345,coke,3,2,14
2637,345,tonic,4,,0
2638,345,"soft drink",5,3,5
2639,345,lemonade,6,,0
2640,345,cocola,7,,0
2641,345,"fizzy drink",8,,0
2642,345,dope,9,,0
2643,345,other,10,4,2
2644,346,"tp'ing",1,0,59
2645,346,rolling,2,3,5
2646,346,"toilet papering",3,1,19
2647,346,wrapping,4,4,3
2648,346,papering,5,5,3
2649,346,"bog rolling",6,,0
2650,346,"I have no word for this",7,2,6
2651,346,other,8,,0
2652,347,rubberneck,1,5,2
2653,347,rubbernecking,2,1,16
2654,347,"rubbernecking is the activity (slowing down and gawking) that causes the traffic jam, but I have no word for the traffic jam itself",3,0,55
2655,347,"gapers' block",4,3,3
2656,347,"gapers' delay",5,,1
2657,347,"Lookie Lou",6,6,1
2658,347,"curiosity delay",7,,0
2659,347,"gawk block",8,,0
2660,347,"I have no word for this",9,2,12
2661,347,other,10,4,3
2662,348,"[Ã¦] as in ""sat""",1,0,87
2663,348,"[É›] as in ""set""",2,,0
2664,348,"[e:] as in ""say""",3,1,9
2665,348,other,4,2,2
2666,349,bag,1,0,85
2667,349,sack,2,1,12
2668,349,poke,3,,0
2669,349,other,4,2,2
2670,350,"gate night",1,,0
2671,350,"trick night",2,,0
2672,350,"mischief night",3,1,9
2673,350,"cabbage night",4,4,1
2674,350,"goosy night",5,,0
2675,350,"devil's night",6,2,8
2676,350,"devil's eve",7,5,1
2677,350,"I have no word for this",8,0,74
2678,350,other,9,3,4
2679,351,end,1,1,15
2680,351,heel,2,0,61
2681,351,crust,3,2,14
2682,351,nose,4,,0
2683,351,butt,5,3,3
2684,351,shpitzel,6,,0
2685,351,"I have no word for this",7,5,1
2686,351,other,8,4,2
2687,352,barbituate,1,0,78
2688,352,barbiturate,2,1,10
2689,352,"I don't use either of these",3,2,9
2690,352,other,4,3,1
2691,353,f,1,1,40
2692,353,p,2,0,57
2693,353,other,3,2,1
2694,354,[s],1,1,31
2695,354,[z],2,0,67
2696,354,other,3,2,1
2697,355,"a moot point",1,0,85
2698,355,"a mute point",2,2,4
2699,355,"either one of the above",3,3,1
2700,355,"I have no idea",4,1,6
2701,355,other,5,,0
2702,356,"[sp] (as in ""desperate"")",1,0,77
2703,356,"[zb] (rhymes with ""lesbian"")",2,1,21
2704,356,other,3,2,1
2705,357,basement,1,0,62
2706,357,cellar,2,4,1
2707,357,"I use both, and they mean the same thing",3,2,10
2708,357,"A basement is finished (for example with plastered or painted walls, carpets, etc.), whereas a cellar is unfinished (made up of bare stone or cement, used only for storage).",4,1,14
2709,357,"A cellar has an outside entrance (some call this a ""bulkhead""), whereas a basement does not",5,3,8
2710,357,other,6,5,1
2711,358,"brew thru",1,3,3
2712,358,"party barn",2,,0
2713,358,bootlegger,3,,0
2714,358,"beer barn",4,4,2
2715,358,"beverage barn",5,,0
2716,358,"we have these in my area, but we have no special term for them",6,1,31
2717,358,"I have never heard of such a thing",7,0,47
2718,358,other,8,2,11
2719,359,take-out,1,0,65
2720,359,carry-out,2,2,7
2721,359,"either take-out or carry-out",3,1,24
2722,359,other,4,3,2
2723,360,dibs,1,1,22
2724,360,shotgun,2,0,67
2725,360,hosey,3,,0
2726,360,"high hosey",4,,0
2727,360,"I have no term for this",5,2,7
2728,360,other,6,3,2
2729,361,ogle,1,0,40
2730,361,oogle,2,2,17
2731,361,"oggle (pronounced to rhyme with ""boggle"", but may still be spelled ""ogle"")",3,1,23
2732,361,"I use both oogle and ogle interchangeably",4,5,3
2733,361,"I use both ogle and ""oggle""",5,4,3
2734,361,"I have no word for this activity",6,3,8
2735,361,other,7,6,3
2736,362,"expecially (or ""ecspecially"" or ""ekspecially"")",1,1,2
2737,362,especially,2,0,94
2738,362,"I use both interchangeably",3,2,1
2739,362,neither,4,,0
2740,362,other,5,,0
2741,363,"mud dauber",1,,
2742,363,"dirt dauber",2,,
2743,363,"mud wasp",3,,
2744,363,"dirt digger",4,,
2745,363,"dirt dobber",5,,
2746,363,"dirt diver",6,,
2747,363,"mason wasp",7,,
2748,363,"potter wasp",8,,
2749,363,"digger wasp",9,,
2750,363,"I have no term for this",10,,
2751,106,"garbage man",6,0,50
2752,106,"trash man",7,1,15
2753,114,"time out",55,1,32
2754,0,Other,0,,
